AO01,Arkivtema-Behandlingstype,AA;AA;AA115-G,Arkivtema,AAP,NY
AO01,Arkivtema-Behandlingstype,AA;AA;AA115-G,Behandlingstema,ab0075,NY
AO01,Arkivtema-Behandlingstype,AA;AA;AA115-G,Behandlingstype,ae0047,NY
AO01,Arkivtema-Behandlingstype,AA;AA;AA115-O,Arkivtema,AAP,NY
AO01,Arkivtema-Behandlingstype,AA;AA;AA115-O,Behandlingstema,ab0075,NY
AO01,Arkivtema-Behandlingstype,AA;AA;AA115-O,Behandlingstype,ae0014,NY
AO01,Arkivtema-Behandlingstype,AA;AA;AA115-S,Arkivtema,AAP,NY
AO01,Arkivtema-Behandlingstype,AA;AA;AA115-S,Behandlingstema,ab0075,NY
AO01,Arkivtema-Behandlingstype,AA;AA;AA115-S,Behandlingstype,ae0032,NY
AO01,Arkivtema-Behandlingstype,AA;AA;AA115-E,Arkivtema,AAP,NY
AO01,Arkivtema-Behandlingstype,AA;AA;AA115-E,Behandlingstema,ab0075,NY
AO01,Arkivtema-Behandlingstype,AA;AA;AA115-E,Behandlingstype,ae0052,NY
AO01,Arkivtema-Behandlingstype,AA;AA;AA116-O,Arkivtema,AAP,NY
AO01,Arkivtema-Behandlingstype,AA;AA;AA116-O,Behandlingstema,ab0087,NY
AO01,Arkivtema-Behandlingstype,AA;AA;AA116-O,Behandlingstype,ae0014,NY
AO01,Arkivtema-Behandlingstype,AA;AA;AAP-G,Arkivtema,AAP,NY
AO01,Arkivtema-Behandlingstype,AA;AA;AAP-G,Behandlingstema,ab0014,NY
AO01,Arkivtema-Behandlingstype,AA;AA;AAP-G,Behandlingstype,ae0047,NY
AO01,Arkivtema-Behandlingstype,AA;AA;AAP-O,Arkivtema,AAP,NY
AO01,Arkivtema-Behandlingstype,AA;AA;AAP-O,Behandlingstema,ab0014,NY
AO01,Arkivtema-Behandlingstype,AA;AA;AAP-O,Behandlingstype,ae0014,NY
AO01,Arkivtema-Behandlingstype,AA;AA;AAP-E,Arkivtema,AAP,NY
AO01,Arkivtema-Behandlingstype,AA;AA;AAP-E,Behandlingstema,ab0014,NY
AO01,Arkivtema-Behandlingstype,AA;AA;AAP-E,Behandlingstype,ae0052,NY
AO01,Arkivtema-Behandlingstype,AA;AA;AAP-S,Arkivtema,AAP,NY
AO01,Arkivtema-Behandlingstype,AA;AA;AAP-S,Behandlingstema,ab0014,NY
AO01,Arkivtema-Behandlingstype,AA;AA;AAP-S,Behandlingstype,ae0032,NY
AO01,Arkivtema-Behandlingstype,AA;AA;AAP-T,Arkivtema,AAP,NY
AO01,Arkivtema-Behandlingstype,AA;AA;AAP-T,Behandlingstema,ab0014,NY
AO01,Arkivtema-Behandlingstype,AA;AA;AAP-T,Behandlingstype,ae0036,NY
AO01,Arkivtema-Behandlingstype,AA;AA;AAP-N,Arkivtema,AAP,NY
AO01,Arkivtema-Behandlingstype,AA;AA;AAP-N,Behandlingstema,ab0014,NY
AO01,Arkivtema-Behandlingstype,AA;AA;AAP-N,Behandlingstype,ae0026,NY
AO01,Arkivtema-Behandlingstype,AA;AA;AAP-K,Arkivtema,AAP,NY
AO01,Arkivtema-Behandlingstype,AA;AA;AAP-K,Behandlingstema,ab0014,NY
AO01,Arkivtema-Behandlingstype,AA;AA;AAP-K,Behandlingstype,ae0037,NY
AO01,Arkivtema-Behandlingstype,AA;AA;AATFOR-O,Arkivtema,AAP,NY
AO01,Arkivtema-Behandlingstype,AA;AA;AATFOR-O,Behandlingstema,ab0150,NY
AO01,Arkivtema-Behandlingstype,AA;AA;AATFOR-O,Behandlingstype,ae0097,NY
AO01,Arkivtema-Behandlingstype,AA;AA;AATFOR-S,Arkivtema,AAP,NY
AO01,Arkivtema-Behandlingstype,AA;AA;AATFOR-S,Behandlingstema,ab0150,NY
AO01,Arkivtema-Behandlingstype,AA;AA;AATFOR-S,Behandlingstype,ae0098,NY
AO01,Arkivtema-Behandlingstype,AA;AA;AAUNGUFOR-G,Arkivtema,AAP,NY
AO01,Arkivtema-Behandlingstype,AA;AA;AAUNGUFOR-G,Behandlingstema,ab0125,NY
AO01,Arkivtema-Behandlingstype,AA;AA;AAUNGUFOR-G,Behandlingstype,ae0047,NY
AO01,Arkivtema-Behandlingstype,AA;AA;AAUNGUFOR-E,Arkivtema,AAP,NY
AO01,Arkivtema-Behandlingstype,AA;AA;AAUNGUFOR-E,Behandlingstema,ab0125,NY
AO01,Arkivtema-Behandlingstype,AA;AA;AAUNGUFOR-E,Behandlingstype,ae0052,NY
AO01,Arkivtema-Behandlingstype,AA;AA;AAUNGUFOR-O,Arkivtema,AAP,NY
AO01,Arkivtema-Behandlingstype,AA;AA;AAUNGUFOR-O,Behandlingstema,ab0125,NY
AO01,Arkivtema-Behandlingstype,AA;AA;AAUNGUFOR-O,Behandlingstype,ae0014,NY
AO01,Arkivtema-Behandlingstype,AA;AA;AAUNGUFOR-S,Arkivtema,AAP,NY
AO01,Arkivtema-Behandlingstype,AA;AA;AAUNGUFOR-S,Behandlingstema,ab0125,NY
AO01,Arkivtema-Behandlingstype,AA;AA;AAUNGUFOR-S,Behandlingstype,ae0032,NY
AO01,Arkivtema-Behandlingstype,AA;AAST;ABOUT-O,Arkivtema,AAP,NY
AO01,Arkivtema-Behandlingstype,AA;AAST;ABOUT-O,Behandlingstema,ab0021,NY
AO01,Arkivtema-Behandlingstype,AA;AAST;ABOUT-O,Behandlingstype,ae0014,NY
AO01,Arkivtema-Behandlingstype,AA;AAST;ABOUT-E,Arkivtema,AAP,NY
AO01,Arkivtema-Behandlingstype,AA;AAST;ABOUT-E,Behandlingstema,ab0021,NY
AO01,Arkivtema-Behandlingstype,AA;AAST;ABOUT-E,Behandlingstype,ae0052,NY
AO01,Arkivtema-Behandlingstype,AA;AAST;ABOUT-S,Arkivtema,AAP,NY
AO01,Arkivtema-Behandlingstype,AA;AAST;ABOUT-S,Behandlingstema,ab0021,NY
AO01,Arkivtema-Behandlingstype,AA;AAST;ABOUT-S,Behandlingstype,ae0032,NY
AO01,Arkivtema-Behandlingstype,AA;AAST;ADAGR-O,Arkivtema,AAP,NY
AO01,Arkivtema-Behandlingstype,AA;AAST;ADAGR-O,Behandlingstema,ab0217,NY
AO01,Arkivtema-Behandlingstype,AA;AAST;ADAGR-O,Behandlingstype,ae0014,NY
AO01,Arkivtema-Behandlingstype,AA;AAST;ADAGR-E,Arkivtema,AAP,NY
AO01,Arkivtema-Behandlingstype,AA;AAST;ADAGR-E,Behandlingstema,ab0217,NY
AO01,Arkivtema-Behandlingstype,AA;AAST;ADAGR-E,Behandlingstype,ae0052,NY
AO01,Arkivtema-Behandlingstype,AA;AAST;ADAGR-S,Arkivtema,AAP,NY
AO01,Arkivtema-Behandlingstype,AA;AAST;ADAGR-S,Behandlingstema,ab0217,NY
AO01,Arkivtema-Behandlingstype,AA;AAST;ADAGR-S,Behandlingstype,ae0032,NY
AO01,Arkivtema-Behandlingstype,AA;AAST;ADAGR-K,Arkivtema,AAP,NY
AO01,Arkivtema-Behandlingstype,AA;AAST;ADAGR-K,Behandlingstema,ab0217,NY
AO01,Arkivtema-Behandlingstype,AA;AAST;ADAGR-K,Behandlingstype,ae0037,NY
AO01,Arkivtema-Behandlingstype,AA;AAST;AFLYT-O,Arkivtema,AAP,NY
AO01,Arkivtema-Behandlingstype,AA;AAST;AFLYT-O,Behandlingstema,ab0065,NY
AO01,Arkivtema-Behandlingstype,AA;AAST;AFLYT-O,Behandlingstype,ae0014,NY
AO01,Arkivtema-Behandlingstype,AA;AAST;AFLYT-E,Arkivtema,AAP,NY
AO01,Arkivtema-Behandlingstype,AA;AAST;AFLYT-E,Behandlingstema,ab0065,NY
AO01,Arkivtema-Behandlingstype,AA;AAST;AFLYT-E,Behandlingstype,ae0052,NY
AO01,Arkivtema-Behandlingstype,AA;AAST;AFLYT-S,Arkivtema,AAP,NY
AO01,Arkivtema-Behandlingstype,AA;AAST;AFLYT-S,Behandlingstema,ab0065,NY
AO01,Arkivtema-Behandlingstype,AA;AAST;AFLYT-S,Behandlingstype,ae0032,NY
AO01,Arkivtema-Behandlingstype,AA;AAST;AHJMR-O,Arkivtema,AAP,NY
AO01,Arkivtema-Behandlingstype,AA;AAST;AHJMR-O,Behandlingstema,ab0015,NY
AO01,Arkivtema-Behandlingstype,AA;AAST;AHJMR-O,Behandlingstype,ae0014,NY
AO01,Arkivtema-Behandlingstype,AA;AAST;AHJMR-E,Arkivtema,AAP,NY
AO01,Arkivtema-Behandlingstype,AA;AAST;AHJMR-E,Behandlingstema,ab0015,NY
AO01,Arkivtema-Behandlingstype,AA;AAST;AHJMR-E,Behandlingstype,ae0052,NY
AO01,Arkivtema-Behandlingstype,AA;AAST;AHJMR-S,Arkivtema,AAP,NY
AO01,Arkivtema-Behandlingstype,AA;AAST;AHJMR-S,Behandlingstema,ab0015,NY
AO01,Arkivtema-Behandlingstype,AA;AAST;AHJMR-S,Behandlingstype,ae0032,NY
AO01,Arkivtema-Behandlingstype,AA;AAST;ATIF-O,Arkivtema,AAP,NY
AO01,Arkivtema-Behandlingstype,AA;AAST;ATIF-O,Behandlingstema,ab0119,NY
AO01,Arkivtema-Behandlingstype,AA;AAST;ATIF-O,Behandlingstype,ae0014,NY
AO01,Arkivtema-Behandlingstype,AA;AAST;ATIO-O,Arkivtema,AAP,NY
AO01,Arkivtema-Behandlingstype,AA;AAST;ATIO-O,Behandlingstema,ab0036,NY
AO01,Arkivtema-Behandlingstype,AA;AAST;ATIO-O,Behandlingstype,ae0014,NY
AO01,Arkivtema-Behandlingstype,AA;AAST;ATIO-E,Arkivtema,AAP,NY
AO01,Arkivtema-Behandlingstype,AA;AAST;ATIO-E,Behandlingstema,ab0036,NY
AO01,Arkivtema-Behandlingstype,AA;AAST;ATIO-E,Behandlingstype,ae0052,NY
AO01,Arkivtema-Behandlingstype,AA;AAST;ATIO-S,Arkivtema,AAP,NY
AO01,Arkivtema-Behandlingstype,AA;AAST;ATIO-S,Behandlingstema,ab0036,NY
AO01,Arkivtema-Behandlingstype,AA;AAST;ATIO-S,Behandlingstype,ae0032,NY
AO01,Arkivtema-Behandlingstype,AA;AAST;ATIU-O,Arkivtema,AAP,NY
AO01,Arkivtema-Behandlingstype,AA;AAST;ATIU-O,Behandlingstema,ab0128,NY
AO01,Arkivtema-Behandlingstype,AA;AAST;ATIU-O,Behandlingstype,ae0014,NY
AO01,Arkivtema-Behandlingstype,AA;AAST;ATIU-E,Arkivtema,AAP,NY
AO01,Arkivtema-Behandlingstype,AA;AAST;ATIU-E,Behandlingstema,ab0128,NY
AO01,Arkivtema-Behandlingstype,AA;AAST;ATIU-E,Behandlingstype,ae0052,NY
AO01,Arkivtema-Behandlingstype,AA;AAST;ATIU-S,Arkivtema,AAP,NY
AO01,Arkivtema-Behandlingstype,AA;AAST;ATIU-S,Behandlingstema,ab0128,NY
AO01,Arkivtema-Behandlingstype,AA;AAST;ATIU-S,Behandlingstype,ae0032,NY
AO01,Arkivtema-Behandlingstype,AA;AAST;ATIU-K,Arkivtema,AAP,NY
AO01,Arkivtema-Behandlingstype,AA;AAST;ATIU-K,Behandlingstema,ab0128,NY
AO01,Arkivtema-Behandlingstype,AA;AAST;ATIU-K,Behandlingstype,ae0037,NY
AO01,Arkivtema-Behandlingstype,AA;AAST;AUNDM-O,Arkivtema,AAP,NY
AO01,Arkivtema-Behandlingstype,AA;AAST;AUNDM-O,Behandlingstema,ab0117,NY
AO01,Arkivtema-Behandlingstype,AA;AAST;AUNDM-O,Behandlingstype,ae0014,NY
AO01,Arkivtema-Behandlingstype,AA;AAST;AUNDM-E,Arkivtema,AAP,NY
AO01,Arkivtema-Behandlingstype,AA;AAST;AUNDM-E,Behandlingstema,ab0117,NY
AO01,Arkivtema-Behandlingstype,AA;AAST;AUNDM-E,Behandlingstype,ae0052,NY
AO01,Arkivtema-Behandlingstype,AA;AAST;AUNDM-S,Arkivtema,AAP,NY
AO01,Arkivtema-Behandlingstype,AA;AAST;AUNDM-S,Behandlingstema,ab0117,NY
AO01,Arkivtema-Behandlingstype,AA;AAST;AUNDM-S,Behandlingstype,ae0032,NY
AO01,Arkivtema-Behandlingstype,AA;AAST;AUNDM-K,Arkivtema,AAP,NY
AO01,Arkivtema-Behandlingstype,AA;AAST;AUNDM-K,Behandlingstema,ab0117,NY
AO01,Arkivtema-Behandlingstype,AA;AAST;AUNDM-K,Behandlingstype,ae0037,NY
AO01,Arkivtema-Behandlingstype,AA;;FRI_MK_AAP-E,Arkivtema,AAP,NY
AO01,Arkivtema-Behandlingstype,AA;;FRI_MK_AAP-E,Behandlingstema,ab0226,NY
AO01,Arkivtema-Behandlingstype,AA;;FRI_MK_AAP-E,Behandlingstype,ae0052,NY
AO01,Arkivtema-Behandlingstype,AA;;FRI_MK_AAP-O,Arkivtema,AAP,NY
AO01,Arkivtema-Behandlingstype,AA;;FRI_MK_AAP-O,Behandlingstema,ab0226,NY
AO01,Arkivtema-Behandlingstype,AA;;FRI_MK_AAP-O,Behandlingstype,ae0014,NY
AO01,Arkivtema-Behandlingstype,AA;;FRI_MK_AAP-S,Arkivtema,AAP,NY
AO01,Arkivtema-Behandlingstype,AA;;FRI_MK_AAP-S,Behandlingstema,ab0226,NY
AO01,Arkivtema-Behandlingstype,AA;;FRI_MK_AAP-S,Behandlingstype,ae0032,NY
AO01,Arkivtema-Behandlingstype,ARBEID;;BEHOV-O,Arkivtema,OPP,NY
AO01,Arkivtema-Behandlingstype,ARBEID;;BEHOV-O,Behandlingstema,ab0261,NY
AO01,Arkivtema-Behandlingstype,ARBEID;;BEHOV-O,Behandlingstype,ae0014,NY
AO01,Arkivtema-Behandlingstype,ARBEID;;BEHOV-E,Arkivtema,OPP,NY
AO01,Arkivtema-Behandlingstype,ARBEID;;BEHOV-E,Behandlingstema,ab0261,NY
AO01,Arkivtema-Behandlingstype,ARBEID;;BEHOV-E,Behandlingstype,ae0052,NY
AO01,Arkivtema-Behandlingstype,ARBEID;;BEHOV-S,Arkivtema,OPP,NY
AO01,Arkivtema-Behandlingstype,ARBEID;;BEHOV-S,Behandlingstema,ab0261,NY
AO01,Arkivtema-Behandlingstype,ARBEID;;BEHOV-S,Behandlingstype,ae0032,NY
AO01,Arkivtema-Behandlingstype,ARBEID;;BIST14A-O,Arkivtema,OPP,NY
AO01,Arkivtema-Behandlingstype,ARBEID;;BIST14A-O,Behandlingstema,ab0081,NY
AO01,Arkivtema-Behandlingstype,ARBEID;;BIST14A-O,Behandlingstype,ae0014,NY
AO01,Arkivtema-Behandlingstype,ARBEID;;BIST14A-E,Arkivtema,OPP,NY
AO01,Arkivtema-Behandlingstype,ARBEID;;BIST14A-E,Behandlingstema,ab0081,NY
AO01,Arkivtema-Behandlingstype,ARBEID;;BIST14A-E,Behandlingstype,ae0052,NY
AO01,Arkivtema-Behandlingstype,ARBEID;;TILTAK-O,Arkivtema,OPP,NY
AO01,Arkivtema-Behandlingstype,ARBEID;;TILTAK-O,Behandlingstema,ab0074,NY
AO01,Arkivtema-Behandlingstype,ARBEID;;TILTAK-O,Behandlingstype,ae0014,NY
AO01,Arkivtema-Behandlingstype,ARBEID;;TILTAK-S,Arkivtema,OPP,NY
AO01,Arkivtema-Behandlingstype,ARBEID;;TILTAK-S,Behandlingstema,ab0074,NY
AO01,Arkivtema-Behandlingstype,ARBEID;;TILTAK-S,Behandlingstype,ae0032,NY
AO01,Arkivtema-Behandlingstype,ATTF;ATTF;ATTF-O,Arkivtema,YRA,NY
AO01,Arkivtema-Behandlingstype,ATTF;ATTF;ATTF-O,Behandlingstema,ab0214,NY
AO01,Arkivtema-Behandlingstype,ATTF;ATTF;ATTF-O,Behandlingstype,ae0014,NY
AO01,Arkivtema-Behandlingstype,ATTF;ATTF;ATTF-E,Arkivtema,YRA,NY
AO01,Arkivtema-Behandlingstype,ATTF;ATTF;ATTF-E,Behandlingstema,ab0214,NY
AO01,Arkivtema-Behandlingstype,ATTF;ATTF;ATTF-E,Behandlingstype,ae0052,NY
AO01,Arkivtema-Behandlingstype,ATTF;ATTF;ATTF-S,Arkivtema,YRA,NY
AO01,Arkivtema-Behandlingstype,ATTF;ATTF;ATTF-S,Behandlingstema,ab0214,NY
AO01,Arkivtema-Behandlingstype,ATTF;ATTF;ATTF-S,Behandlingstype,ae0032,NY
AO01,Arkivtema-Behandlingstype,ATTF;ATTF;ATTK-O,Arkivtema,YRA,NY
AO01,Arkivtema-Behandlingstype,ATTF;ATTF;ATTK-O,Behandlingstema,ab0227,NY
AO01,Arkivtema-Behandlingstype,ATTF;ATTF;ATTK-O,Behandlingstype,ae0014,NY
AO01,Arkivtema-Behandlingstype,ATTF;ATTF;ATTK-E,Arkivtema,YRA,NY
AO01,Arkivtema-Behandlingstype,ATTF;ATTF;ATTK-E,Behandlingstema,ab0227,NY
AO01,Arkivtema-Behandlingstype,ATTF;ATTF;ATTK-E,Behandlingstype,ae0052,NY
AO01,Arkivtema-Behandlingstype,ATTF;ATTF;ATTK-S,Arkivtema,YRA,NY
AO01,Arkivtema-Behandlingstype,ATTF;ATTF;ATTK-S,Behandlingstema,ab0227,NY
AO01,Arkivtema-Behandlingstype,ATTF;ATTF;ATTK-S,Behandlingstype,ae0032,NY
AO01,Arkivtema-Behandlingstype,ATTF;ATTF;ATTK-K,Arkivtema,YRA,NY
AO01,Arkivtema-Behandlingstype,ATTF;ATTF;ATTK-K,Behandlingstema,ab0227,NY
AO01,Arkivtema-Behandlingstype,ATTF;ATTF;ATTK-K,Behandlingstype,ae0037,NY
AO01,Arkivtema-Behandlingstype,ATTF;ATTF;ATTK-G,Arkivtema,YRA,NY
AO01,Arkivtema-Behandlingstype,ATTF;ATTF;ATTK-G,Behandlingstema,ab0227,NY
AO01,Arkivtema-Behandlingstype,ATTF;ATTF;ATTK-G,Behandlingstype,ae0047,NY
AO01,Arkivtema-Behandlingstype,ATTF;ATTF;ATTP-O,Arkivtema,YRA,NY
AO01,Arkivtema-Behandlingstype,ATTF;ATTF;ATTP-O,Behandlingstema,ab0102,NY
AO01,Arkivtema-Behandlingstype,ATTF;ATTF;ATTP-O,Behandlingstype,ae0014,NY
AO01,Arkivtema-Behandlingstype,ATTF;ATTF;ATTP-E,Arkivtema,YRA,NY
AO01,Arkivtema-Behandlingstype,ATTF;ATTF;ATTP-E,Behandlingstema,ab0102,NY
AO01,Arkivtema-Behandlingstype,ATTF;ATTF;ATTP-E,Behandlingstype,ae0052,NY
AO01,Arkivtema-Behandlingstype,ATTF;ATTF;ATTP-S,Arkivtema,YRA,NY
AO01,Arkivtema-Behandlingstype,ATTF;ATTF;ATTP-S,Behandlingstema,ab0102,NY
AO01,Arkivtema-Behandlingstype,ATTF;ATTF;ATTP-S,Behandlingstype,ae0032,NY
AO01,Arkivtema-Behandlingstype,ATTF;ATTF;KOMP-O,Arkivtema,YRA,NY
AO01,Arkivtema-Behandlingstype,ATTF;ATTF;KOMP-O,Behandlingstema,ab0090,NY
AO01,Arkivtema-Behandlingstype,ATTF;ATTF;KOMP-O,Behandlingstype,ae0014,NY
AO01,Arkivtema-Behandlingstype,ATTF;ATTF;KOMP-E,Arkivtema,YRA,NY
AO01,Arkivtema-Behandlingstype,ATTF;ATTF;KOMP-E,Behandlingstema,ab0090,NY
AO01,Arkivtema-Behandlingstype,ATTF;ATTF;KOMP-E,Behandlingstype,ae0052,NY
AO01,Arkivtema-Behandlingstype,ATTF;ATTF;KOMP-S,Arkivtema,YRA,NY
AO01,Arkivtema-Behandlingstype,ATTF;ATTF;KOMP-S,Behandlingstema,ab0090,NY
AO01,Arkivtema-Behandlingstype,ATTF;ATTF;KOMP-S,Behandlingstype,ae0032,NY
AO01,Arkivtema-Behandlingstype,ATTF;ATTST;ARBT-O,Arkivtema,YRA,NY
AO01,Arkivtema-Behandlingstype,ATTF;ATTST;ARBT-O,Behandlingstema,ab0160,NY
AO01,Arkivtema-Behandlingstype,ATTF;ATTST;ARBT-O,Behandlingstype,ae0014,NY
AO01,Arkivtema-Behandlingstype,ATTF;ATTST;ARBT-E,Arkivtema,YRA,NY
AO01,Arkivtema-Behandlingstype,ATTF;ATTST;ARBT-E,Behandlingstema,ab0160,NY
AO01,Arkivtema-Behandlingstype,ATTF;ATTST;ARBT-E,Behandlingstype,ae0052,NY
AO01,Arkivtema-Behandlingstype,ATTF;ATTST;ARBT-S,Arkivtema,YRA,NY
AO01,Arkivtema-Behandlingstype,ATTF;ATTST;ARBT-S,Behandlingstema,ab0160,NY
AO01,Arkivtema-Behandlingstype,ATTF;ATTST;ARBT-S,Behandlingstype,ae0032,NY
AO01,Arkivtema-Behandlingstype,ATTF;ATTST;BOUT-O,Arkivtema,YRA,NY
AO01,Arkivtema-Behandlingstype,ATTF;ATTST;BOUT-O,Behandlingstema,ab0021,NY
AO01,Arkivtema-Behandlingstype,ATTF;ATTST;BOUT-O,Behandlingstype,ae0014,NY
AO01,Arkivtema-Behandlingstype,ATTF;ATTST;BOUT-E,Arkivtema,YRA,NY
AO01,Arkivtema-Behandlingstype,ATTF;ATTST;BOUT-E,Behandlingstema,ab0021,NY
AO01,Arkivtema-Behandlingstype,ATTF;ATTST;BOUT-E,Behandlingstype,ae0052,NY
AO01,Arkivtema-Behandlingstype,ATTF;ATTST;BOUT-S,Arkivtema,YRA,NY
AO01,Arkivtema-Behandlingstype,ATTF;ATTST;BOUT-S,Behandlingstema,ab0021,NY
AO01,Arkivtema-Behandlingstype,ATTF;ATTST;BOUT-S,Behandlingstype,ae0032,NY
AO01,Arkivtema-Behandlingstype,ATTF;ATTST;BTIF-O,Arkivtema,YRA,NY
AO01,Arkivtema-Behandlingstype,ATTF;ATTST;BTIF-O,Behandlingstema,ab0145,NY
AO01,Arkivtema-Behandlingstype,ATTF;ATTST;BTIF-O,Behandlingstype,ae0014,NY
AO01,Arkivtema-Behandlingstype,ATTF;ATTST;BTIF-E,Arkivtema,YRA,NY
AO01,Arkivtema-Behandlingstype,ATTF;ATTST;BTIF-E,Behandlingstema,ab0145,NY
AO01,Arkivtema-Behandlingstype,ATTF;ATTST;BTIF-E,Behandlingstype,ae0052,NY
AO01,Arkivtema-Behandlingstype,ATTF;ATTST;BTIF-S,Arkivtema,YRA,NY
AO01,Arkivtema-Behandlingstype,ATTF;ATTST;BTIF-S,Behandlingstema,ab0145,NY
AO01,Arkivtema-Behandlingstype,ATTF;ATTST;BTIF-S,Behandlingstype,ae0032,NY
AO01,Arkivtema-Behandlingstype,ATTF;ATTST;BTIO-O,Arkivtema,YRA,NY
AO01,Arkivtema-Behandlingstype,ATTF;ATTST;BTIO-O,Behandlingstema,ab0086,NY
AO01,Arkivtema-Behandlingstype,ATTF;ATTST;BTIO-O,Behandlingstype,ae0014,NY
AO01,Arkivtema-Behandlingstype,ATTF;ATTST;BTIO-E,Arkivtema,YRA,NY
AO01,Arkivtema-Behandlingstype,ATTF;ATTST;BTIO-E,Behandlingstema,ab0086,NY
AO01,Arkivtema-Behandlingstype,ATTF;ATTST;BTIO-E,Behandlingstype,ae0052,NY
AO01,Arkivtema-Behandlingstype,ATTF;ATTST;BTIO-S,Arkivtema,YRA,NY
AO01,Arkivtema-Behandlingstype,ATTF;ATTST;BTIO-S,Behandlingstema,ab0086,NY
AO01,Arkivtema-Behandlingstype,ATTF;ATTST;BTIO-S,Behandlingstype,ae0032,NY
AO01,Arkivtema-Behandlingstype,ATTF;ATTST;BTIU-O,Arkivtema,YRA,NY
AO01,Arkivtema-Behandlingstype,ATTF;ATTST;BTIU-O,Behandlingstema,ab0216,NY
AO01,Arkivtema-Behandlingstype,ATTF;ATTST;BTIU-O,Behandlingstype,ae0014,NY
AO01,Arkivtema-Behandlingstype,ATTF;ATTST;BTIU-E,Arkivtema,YRA,NY
AO01,Arkivtema-Behandlingstype,ATTF;ATTST;BTIU-E,Behandlingstema,ab0216,NY
AO01,Arkivtema-Behandlingstype,ATTF;ATTST;BTIU-E,Behandlingstype,ae0052,NY
AO01,Arkivtema-Behandlingstype,ATTF;ATTST;BTIU-S,Arkivtema,YRA,NY
AO01,Arkivtema-Behandlingstype,ATTF;ATTST;BTIU-S,Behandlingstema,ab0216,NY
AO01,Arkivtema-Behandlingstype,ATTF;ATTST;BTIU-S,Behandlingstype,ae0032,NY
AO01,Arkivtema-Behandlingstype,ATTF;ATTST;DAGR-O,Arkivtema,YRA,NY
AO01,Arkivtema-Behandlingstype,ATTF;ATTST;DAGR-O,Behandlingstema,ab0217,NY
AO01,Arkivtema-Behandlingstype,ATTF;ATTST;DAGR-O,Behandlingstype,ae0014,NY
AO01,Arkivtema-Behandlingstype,ATTF;ATTST;DAGR-E,Arkivtema,YRA,NY
AO01,Arkivtema-Behandlingstype,ATTF;ATTST;DAGR-E,Behandlingstema,ab0217,NY
AO01,Arkivtema-Behandlingstype,ATTF;ATTST;DAGR-E,Behandlingstype,ae0052,NY
AO01,Arkivtema-Behandlingstype,ATTF;ATTST;DAGR-S,Arkivtema,YRA,NY
AO01,Arkivtema-Behandlingstype,ATTF;ATTST;DAGR-S,Behandlingstema,ab0217,NY
AO01,Arkivtema-Behandlingstype,ATTF;ATTST;DAGR-S,Behandlingstype,ae0032,NY
AO01,Arkivtema-Behandlingstype,ATTF;ATTST;EKSG-O,Arkivtema,YRA,NY
AO01,Arkivtema-Behandlingstype,ATTF;ATTST;EKSG-O,Behandlingstema,ab0169,NY
AO01,Arkivtema-Behandlingstype,ATTF;ATTST;EKSG-O,Behandlingstype,ae0014,NY
AO01,Arkivtema-Behandlingstype,ATTF;ATTST;EKSG-E,Arkivtema,YRA,NY
AO01,Arkivtema-Behandlingstype,ATTF;ATTST;EKSG-E,Behandlingstema,ab0169,NY
AO01,Arkivtema-Behandlingstype,ATTF;ATTST;EKSG-E,Behandlingstype,ae0052,NY
AO01,Arkivtema-Behandlingstype,ATTF;ATTST;EKSG-S,Arkivtema,YRA,NY
AO01,Arkivtema-Behandlingstype,ATTF;ATTST;EKSG-S,Behandlingstema,ab0169,NY
AO01,Arkivtema-Behandlingstype,ATTF;ATTST;EKSG-S,Behandlingstype,ae0032,NY
AO01,Arkivtema-Behandlingstype,ATTF;ATTST;FADD-O,Arkivtema,YRA,NY
AO01,Arkivtema-Behandlingstype,ATTF;ATTST;FADD-O,Behandlingstema,ab0156,NY
AO01,Arkivtema-Behandlingstype,ATTF;ATTST;FADD-O,Behandlingstype,ae0014,NY
AO01,Arkivtema-Behandlingstype,ATTF;ATTST;FADD-E,Arkivtema,YRA,NY
AO01,Arkivtema-Behandlingstype,ATTF;ATTST;FADD-E,Behandlingstema,ab0156,NY
AO01,Arkivtema-Behandlingstype,ATTF;ATTST;FADD-E,Behandlingstype,ae0052,NY
AO01,Arkivtema-Behandlingstype,ATTF;ATTST;FADD-S,Arkivtema,YRA,NY
AO01,Arkivtema-Behandlingstype,ATTF;ATTST;FADD-S,Behandlingstema,ab0156,NY
AO01,Arkivtema-Behandlingstype,ATTF;ATTST;FADD-S,Behandlingstype,ae0032,NY
AO01,Arkivtema-Behandlingstype,ATTF;ATTST;FLYT-O,Arkivtema,YRA,NY
AO01,Arkivtema-Behandlingstype,ATTF;ATTST;FLYT-O,Behandlingstema,ab0065,NY
AO01,Arkivtema-Behandlingstype,ATTF;ATTST;FLYT-O,Behandlingstype,ae0014,NY
AO01,Arkivtema-Behandlingstype,ATTF;ATTST;FLYT-E,Arkivtema,YRA,NY
AO01,Arkivtema-Behandlingstype,ATTF;ATTST;FLYT-E,Behandlingstema,ab0065,NY
AO01,Arkivtema-Behandlingstype,ATTF;ATTST;FLYT-E,Behandlingstype,ae0052,NY
AO01,Arkivtema-Behandlingstype,ATTF;ATTST;FLYT-S,Arkivtema,YRA,NY
AO01,Arkivtema-Behandlingstype,ATTF;ATTST;FLYT-S,Behandlingstema,ab0065,NY
AO01,Arkivtema-Behandlingstype,ATTF;ATTST;FLYT-S,Behandlingstype,ae0032,NY
AO01,Arkivtema-Behandlingstype,ATTF;ATTST;HJMR-O,Arkivtema,YRA,NY
AO01,Arkivtema-Behandlingstype,ATTF;ATTST;HJMR-O,Behandlingstema,ab0015,NY
AO01,Arkivtema-Behandlingstype,ATTF;ATTST;HJMR-O,Behandlingstype,ae0014,NY
AO01,Arkivtema-Behandlingstype,ATTF;ATTST;HJMR-E,Arkivtema,YRA,NY
AO01,Arkivtema-Behandlingstype,ATTF;ATTST;HJMR-E,Behandlingstema,ab0015,NY
AO01,Arkivtema-Behandlingstype,ATTF;ATTST;HJMR-E,Behandlingstype,ae0052,NY
AO01,Arkivtema-Behandlingstype,ATTF;ATTST;HJMR-S,Arkivtema,YRA,NY
AO01,Arkivtema-Behandlingstype,ATTF;ATTST;HJMR-S,Behandlingstema,ab0015,NY
AO01,Arkivtema-Behandlingstype,ATTF;ATTST;HJMR-S,Behandlingstype,ae0032,NY
AO01,Arkivtema-Behandlingstype,ATTF;ATTST;HUSH-O,Arkivtema,YRA,NY
AO01,Arkivtema-Behandlingstype,ATTF;ATTST;HUSH-O,Behandlingstema,ab0220,NY
AO01,Arkivtema-Behandlingstype,ATTF;ATTST;HUSH-O,Behandlingstype,ae0014,NY
AO01,Arkivtema-Behandlingstype,ATTF;ATTST;HUSH-E,Arkivtema,YRA,NY
AO01,Arkivtema-Behandlingstype,ATTF;ATTST;HUSH-E,Behandlingstema,ab0220,NY
AO01,Arkivtema-Behandlingstype,ATTF;ATTST;HUSH-E,Behandlingstype,ae0052,NY
AO01,Arkivtema-Behandlingstype,ATTF;ATTST;HUSH-S,Arkivtema,YRA,NY
AO01,Arkivtema-Behandlingstype,ATTF;ATTST;HUSH-S,Behandlingstema,ab0220,NY
AO01,Arkivtema-Behandlingstype,ATTF;ATTST;HUSH-S,Behandlingstype,ae0032,NY
AO01,Arkivtema-Behandlingstype,ATTF;ATTST;SEMA-O,Arkivtema,YRA,NY
AO01,Arkivtema-Behandlingstype,ATTF;ATTST;SEMA-O,Behandlingstema,ab0196,NY
AO01,Arkivtema-Behandlingstype,ATTF;ATTST;SEMA-O,Behandlingstype,ae0014,NY
AO01,Arkivtema-Behandlingstype,ATTF;ATTST;SEMA-E,Arkivtema,YRA,NY
AO01,Arkivtema-Behandlingstype,ATTF;ATTST;SEMA-E,Behandlingstema,ab0196,NY
AO01,Arkivtema-Behandlingstype,ATTF;ATTST;SEMA-E,Behandlingstype,ae0052,NY
AO01,Arkivtema-Behandlingstype,ATTF;ATTST;SEMA-S,Arkivtema,YRA,NY
AO01,Arkivtema-Behandlingstype,ATTF;ATTST;SEMA-S,Behandlingstema,ab0196,NY
AO01,Arkivtema-Behandlingstype,ATTF;ATTST;SEMA-S,Behandlingstype,ae0032,NY
AO01,Arkivtema-Behandlingstype,ATTF;ATTST;SKOP-O,Arkivtema,YRA,NY
AO01,Arkivtema-Behandlingstype,ATTF;ATTST;SKOP-O,Behandlingstema,ab0177,NY
AO01,Arkivtema-Behandlingstype,ATTF;ATTST;SKOP-O,Behandlingstype,ae0014,NY
AO01,Arkivtema-Behandlingstype,ATTF;ATTST;SKOP-E,Arkivtema,YRA,NY
AO01,Arkivtema-Behandlingstype,ATTF;ATTST;SKOP-E,Behandlingstema,ab0177,NY
AO01,Arkivtema-Behandlingstype,ATTF;ATTST;SKOP-E,Behandlingstype,ae0052,NY
AO01,Arkivtema-Behandlingstype,ATTF;ATTST;SKOP-S,Arkivtema,YRA,NY
AO01,Arkivtema-Behandlingstype,ATTF;ATTST;SKOP-S,Behandlingstema,ab0177,NY
AO01,Arkivtema-Behandlingstype,ATTF;ATTST;SKOP-S,Behandlingstype,ae0032,NY
AO01,Arkivtema-Behandlingstype,ATTF;ATTST;UNDM-O,Arkivtema,YRA,NY
AO01,Arkivtema-Behandlingstype,ATTF;ATTST;UNDM-O,Behandlingstema,ab0117,NY
AO01,Arkivtema-Behandlingstype,ATTF;ATTST;UNDM-O,Behandlingstype,ae0014,NY
AO01,Arkivtema-Behandlingstype,ATTF;ATTST;UNDM-E,Arkivtema,YRA,NY
AO01,Arkivtema-Behandlingstype,ATTF;ATTST;UNDM-E,Behandlingstema,ab0117,NY
AO01,Arkivtema-Behandlingstype,ATTF;ATTST;UNDM-E,Behandlingstype,ae0052,NY
AO01,Arkivtema-Behandlingstype,ATTF;ATTST;UNDM-S,Arkivtema,YRA,NY
AO01,Arkivtema-Behandlingstype,ATTF;ATTST;UNDM-S,Behandlingstema,ab0117,NY
AO01,Arkivtema-Behandlingstype,ATTF;ATTST;UNDM-S,Behandlingstype,ae0032,NY
AO01,Arkivtema-Behandlingstype,ATTF;ATTST;UNDM-K,Arkivtema,YRA,NY
AO01,Arkivtema-Behandlingstype,ATTF;ATTST;UNDM-K,Behandlingstema,ab0117,NY
AO01,Arkivtema-Behandlingstype,ATTF;ATTST;UNDM-K,Behandlingstype,ae0037,NY
AO01,Arkivtema-Behandlingstype,ATTF;;TFOR-O,Arkivtema,YRA,NY
AO01,Arkivtema-Behandlingstype,ATTF;;TFOR-O,Behandlingstema,ab0150,NY
AO01,Arkivtema-Behandlingstype,ATTF;;TFOR-O,Behandlingstype,ae0097,NY
AO01,Arkivtema-Behandlingstype,ATTF;;TFOR-S,Arkivtema,YRA,NY
AO01,Arkivtema-Behandlingstype,ATTF;;TFOR-S,Behandlingstema,ab0150,NY
AO01,Arkivtema-Behandlingstype,ATTF;;TFOR-S,Behandlingstype,ae0098,NY
AO01,Arkivtema-Behandlingstype,DAGP;DAGP;DAGO-F,Arkivtema,DAG,NY
AO01,Arkivtema-Behandlingstype,DAGP;DAGP;DAGO-F,Behandlingstema,ab0001,NY
AO01,Arkivtema-Behandlingstype,DAGP;DAGP;DAGO-F,Behandlingstype,ae0010,NY
AO01,Arkivtema-Behandlingstype,DAGP;DAGP;DAGO-G,Arkivtema,DAG,NY
AO01,Arkivtema-Behandlingstype,DAGP;DAGP;DAGO-G,Behandlingstema,ab0001,NY
AO01,Arkivtema-Behandlingstype,DAGP;DAGP;DAGO-G,Behandlingstype,ae0047,NY
AO01,Arkivtema-Behandlingstype,DAGP;DAGP;DAGO-O,Arkivtema,DAG,NY
AO01,Arkivtema-Behandlingstype,DAGP;DAGP;DAGO-O,Behandlingstema,ab0001,NY
AO01,Arkivtema-Behandlingstype,DAGP;DAGP;DAGO-O,Behandlingstype,ae0014,NY
AO01,Arkivtema-Behandlingstype,DAGP;DAGP;DAGO-E,Arkivtema,DAG,NY
AO01,Arkivtema-Behandlingstype,DAGP;DAGP;DAGO-E,Behandlingstema,ab0001,NY
AO01,Arkivtema-Behandlingstype,DAGP;DAGP;DAGO-E,Behandlingstype,ae0052,NY
AO01,Arkivtema-Behandlingstype,DAGP;DAGP;DAGO-N,Arkivtema,DAG,NY
AO01,Arkivtema-Behandlingstype,DAGP;DAGP;DAGO-N,Behandlingstema,ab0001,NY
AO01,Arkivtema-Behandlingstype,DAGP;DAGP;DAGO-N,Behandlingstype,ae0026,NY
AO01,Arkivtema-Behandlingstype,DAGP;DAGP;DAGO-S,Arkivtema,DAG,NY
AO01,Arkivtema-Behandlingstype,DAGP;DAGP;DAGO-S,Behandlingstema,ab0001,NY
AO01,Arkivtema-Behandlingstype,DAGP;DAGP;DAGO-S,Behandlingstype,ae0032,NY
AO01,Arkivtema-Behandlingstype,DAGP;DAGP;DAGO-T,Arkivtema,DAG,NY
AO01,Arkivtema-Behandlingstype,DAGP;DAGP;DAGO-T,Behandlingstema,ab0001,NY
AO01,Arkivtema-Behandlingstype,DAGP;DAGP;DAGO-T,Behandlingstype,ae0036,NY
AO01,Arkivtema-Behandlingstype,DAGP;DAGP;DAGO-K,Arkivtema,DAG,NY
AO01,Arkivtema-Behandlingstype,DAGP;DAGP;DAGO-K,Behandlingstema,ab0001,NY
AO01,Arkivtema-Behandlingstype,DAGP;DAGP;DAGO-K,Behandlingstype,ae0037,NY
AO01,Arkivtema-Behandlingstype,DAGP;DAGP;DEKS-O,Arkivtema,DAG,NY
AO01,Arkivtema-Behandlingstype,DAGP;DAGP;DEKS-O,Behandlingstema,ab0002,NY
AO01,Arkivtema-Behandlingstype,DAGP;DAGP;DEKS-O,Behandlingstype,ae0014,NY
AO01,Arkivtema-Behandlingstype,DAGP;DAGP;DEKS-S,Arkivtema,DAG,NY
AO01,Arkivtema-Behandlingstype,DAGP;DAGP;DEKS-S,Behandlingstema,ab0002,NY
AO01,Arkivtema-Behandlingstype,DAGP;DAGP;DEKS-S,Behandlingstype,ae0032,NY
AO01,Arkivtema-Behandlingstype,DAGP;DAGP;FISK-F,Arkivtema,DAG,NY
AO01,Arkivtema-Behandlingstype,DAGP;DAGP;FISK-F,Behandlingstema,ab0003,NY
AO01,Arkivtema-Behandlingstype,DAGP;DAGP;FISK-F,Behandlingstype,ae0010,NY
AO01,Arkivtema-Behandlingstype,DAGP;DAGP;FISK-G,Arkivtema,DAG,NY
AO01,Arkivtema-Behandlingstype,DAGP;DAGP;FISK-G,Behandlingstema,ab0003,NY
AO01,Arkivtema-Behandlingstype,DAGP;DAGP;FISK-G,Behandlingstype,ae0047,NY
AO01,Arkivtema-Behandlingstype,DAGP;DAGP;FISK-O,Arkivtema,DAG,NY
AO01,Arkivtema-Behandlingstype,DAGP;DAGP;FISK-O,Behandlingstema,ab0003,NY
AO01,Arkivtema-Behandlingstype,DAGP;DAGP;FISK-O,Behandlingstype,ae0014,NY
AO01,Arkivtema-Behandlingstype,DAGP;DAGP;FISK-E,Arkivtema,DAG,NY
AO01,Arkivtema-Behandlingstype,DAGP;DAGP;FISK-E,Behandlingstema,ab0003,NY
AO01,Arkivtema-Behandlingstype,DAGP;DAGP;FISK-E,Behandlingstype,ae0052,NY
AO01,Arkivtema-Behandlingstype,DAGP;DAGP;FISK-S,Arkivtema,DAG,NY
AO01,Arkivtema-Behandlingstype,DAGP;DAGP;FISK-S,Behandlingstema,ab0003,NY
AO01,Arkivtema-Behandlingstype,DAGP;DAGP;FISK-S,Behandlingstype,ae0032,NY
AO01,Arkivtema-Behandlingstype,DAGP;DAGP;FISK-N,Arkivtema,DAG,NY
AO01,Arkivtema-Behandlingstype,DAGP;DAGP;FISK-N,Behandlingstema,ab0003,NY
AO01,Arkivtema-Behandlingstype,DAGP;DAGP;FISK-N,Behandlingstype,ae0026,NY
AO01,Arkivtema-Behandlingstype,DAGP;DAGP;FISK-T,Arkivtema,DAG,NY
AO01,Arkivtema-Behandlingstype,DAGP;DAGP;FISK-T,Behandlingstema,ab0003,NY
AO01,Arkivtema-Behandlingstype,DAGP;DAGP;FISK-T,Behandlingstype,ae0036,NY
AO01,Arkivtema-Behandlingstype,DAGP;DAGP;LONN-F,Arkivtema,DAG,NY
AO01,Arkivtema-Behandlingstype,DAGP;DAGP;LONN-F,Behandlingstema,ab0004,NY
AO01,Arkivtema-Behandlingstype,DAGP;DAGP;LONN-F,Behandlingstype,ae0010,NY
AO01,Arkivtema-Behandlingstype,DAGP;DAGP;LONN-G,Arkivtema,DAG,NY
AO01,Arkivtema-Behandlingstype,DAGP;DAGP;LONN-G,Behandlingstema,ab0004,NY
AO01,Arkivtema-Behandlingstype,DAGP;DAGP;LONN-G,Behandlingstype,ae0047,NY
AO01,Arkivtema-Behandlingstype,DAGP;DAGP;LONN-O,Arkivtema,DAG,NY
AO01,Arkivtema-Behandlingstype,DAGP;DAGP;LONN-O,Behandlingstema,ab0004,NY
AO01,Arkivtema-Behandlingstype,DAGP;DAGP;LONN-O,Behandlingstype,ae0014,NY
AO01,Arkivtema-Behandlingstype,DAGP;DAGP;LONN-E,Arkivtema,DAG,NY
AO01,Arkivtema-Behandlingstype,DAGP;DAGP;LONN-E,Behandlingstema,ab0004,NY
AO01,Arkivtema-Behandlingstype,DAGP;DAGP;LONN-E,Behandlingstype,ae0052,NY
AO01,Arkivtema-Behandlingstype,DAGP;DAGP;LONN-N,Arkivtema,DAG,NY
AO01,Arkivtema-Behandlingstype,DAGP;DAGP;LONN-N,Behandlingstema,ab0004,NY
AO01,Arkivtema-Behandlingstype,DAGP;DAGP;LONN-N,Behandlingstype,ae0026,NY
AO01,Arkivtema-Behandlingstype,DAGP;DAGP;LONN-S,Arkivtema,DAG,NY
AO01,Arkivtema-Behandlingstype,DAGP;DAGP;LONN-S,Behandlingstema,ab0004,NY
AO01,Arkivtema-Behandlingstype,DAGP;DAGP;LONN-S,Behandlingstype,ae0032,NY
AO01,Arkivtema-Behandlingstype,DAGP;DAGP;LONN-T,Arkivtema,DAG,NY
AO01,Arkivtema-Behandlingstype,DAGP;DAGP;LONN-T,Behandlingstema,ab0004,NY
AO01,Arkivtema-Behandlingstype,DAGP;DAGP;LONN-T,Behandlingstype,ae0036,NY
AO01,Arkivtema-Behandlingstype,DAGP;DAGP;LONN-K,Arkivtema,DAG,NY
AO01,Arkivtema-Behandlingstype,DAGP;DAGP;LONN-K,Behandlingstema,ab0004,NY
AO01,Arkivtema-Behandlingstype,DAGP;DAGP;LONN-K,Behandlingstype,ae0037,NY
AO01,Arkivtema-Behandlingstype,DAGP;DAGP;PERM-F,Arkivtema,DAG,NY
AO01,Arkivtema-Behandlingstype,DAGP;DAGP;PERM-F,Behandlingstema,ab0005,NY
AO01,Arkivtema-Behandlingstype,DAGP;DAGP;PERM-F,Behandlingstype,ae0010,NY
AO01,Arkivtema-Behandlingstype,DAGP;DAGP;PERM-G,Arkivtema,DAG,NY
AO01,Arkivtema-Behandlingstype,DAGP;DAGP;PERM-G,Behandlingstema,ab0005,NY
AO01,Arkivtema-Behandlingstype,DAGP;DAGP;PERM-G,Behandlingstype,ae0047,NY
AO01,Arkivtema-Behandlingstype,DAGP;DAGP;PERM-O,Arkivtema,DAG,NY
AO01,Arkivtema-Behandlingstype,DAGP;DAGP;PERM-O,Behandlingstema,ab0005,NY
AO01,Arkivtema-Behandlingstype,DAGP;DAGP;PERM-O,Behandlingstype,ae0014,NY
AO01,Arkivtema-Behandlingstype,DAGP;DAGP;PERM-E,Arkivtema,DAG,NY
AO01,Arkivtema-Behandlingstype,DAGP;DAGP;PERM-E,Behandlingstema,ab0005,NY
AO01,Arkivtema-Behandlingstype,DAGP;DAGP;PERM-E,Behandlingstype,ae0052,NY
AO01,Arkivtema-Behandlingstype,DAGP;DAGP;PERM-N,Arkivtema,DAG,NY
AO01,Arkivtema-Behandlingstype,DAGP;DAGP;PERM-N,Behandlingstema,ab0005,NY
AO01,Arkivtema-Behandlingstype,DAGP;DAGP;PERM-N,Behandlingstype,ae0026,NY
AO01,Arkivtema-Behandlingstype,DAGP;DAGP;PERM-S,Arkivtema,DAG,NY
AO01,Arkivtema-Behandlingstype,DAGP;DAGP;PERM-S,Behandlingstema,ab0005,NY
AO01,Arkivtema-Behandlingstype,DAGP;DAGP;PERM-S,Behandlingstype,ae0032,NY
AO01,Arkivtema-Behandlingstype,DAGP;DAGP;PERM-T,Arkivtema,DAG,NY
AO01,Arkivtema-Behandlingstype,DAGP;DAGP;PERM-T,Behandlingstema,ab0005,NY
AO01,Arkivtema-Behandlingstype,DAGP;DAGP;PERM-T,Behandlingstype,ae0036,NY
AO01,Arkivtema-Behandlingstype,DAGP;DAGP;PERM-K,Arkivtema,DAG,NY
AO01,Arkivtema-Behandlingstype,DAGP;DAGP;PERM-K,Behandlingstema,ab0005,NY
AO01,Arkivtema-Behandlingstype,DAGP;DAGP;PERM-K,Behandlingstype,ae0037,NY
AO01,Arkivtema-Behandlingstype,FEILUTBE;;AAP-K,Arkivtema,FEI,NY
AO01,Arkivtema-Behandlingstype,FEILUTBE;;AAP-K,Behandlingstema,ab0014,NY
AO01,Arkivtema-Behandlingstype,FEILUTBE;;AAP-K,Behandlingstype,ae0037,NY
AO01,Arkivtema-Behandlingstype,FEILUTBE;;ADAGR-K,Arkivtema,FEI,NY
AO01,Arkivtema-Behandlingstype,FEILUTBE;;ADAGR-K,Behandlingstema,ab0217,NY
AO01,Arkivtema-Behandlingstype,FEILUTBE;;ADAGR-K,Behandlingstype,ae0037,NY
AO01,Arkivtema-Behandlingstype,FEILUTBE;;ATIU-K,Arkivtema,FEI,NY
AO01,Arkivtema-Behandlingstype,FEILUTBE;;ATIU-K,Behandlingstema,ab0128,NY
AO01,Arkivtema-Behandlingstype,FEILUTBE;;ATIU-K,Behandlingstype,ae0037,NY
AO01,Arkivtema-Behandlingstype,FEILUTBE;;ATTP-K,Arkivtema,FEI,NY
AO01,Arkivtema-Behandlingstype,FEILUTBE;;ATTP-K,Behandlingstema,ab0114,NY
AO01,Arkivtema-Behandlingstype,FEILUTBE;;ATTP-K,Behandlingstype,ae0037,NY
AO01,Arkivtema-Behandlingstype,FEILUTBE;;DAGO-K,Arkivtema,FEI,NY
AO01,Arkivtema-Behandlingstype,FEILUTBE;;DAGO-K,Behandlingstema,ab0001,NY
AO01,Arkivtema-Behandlingstype,FEILUTBE;;DAGO-K,Behandlingstype,ae0037,NY
AO01,Arkivtema-Behandlingstype,FEILUTBE;;LONN-K,Arkivtema,FEI,NY
AO01,Arkivtema-Behandlingstype,FEILUTBE;;LONN-K,Behandlingstema,ab0004,NY
AO01,Arkivtema-Behandlingstype,FEILUTBE;;LONN-K,Behandlingstype,ae0037,NY
AO01,Arkivtema-Behandlingstype,FEILUTBE;;TILBBET-E,Arkivtema,FEI,NY
AO01,Arkivtema-Behandlingstype,FEILUTBE;;TILBBET-E,Behandlingstema,ab0007,NY
AO01,Arkivtema-Behandlingstype,FEILUTBE;;TILBBET-E,Behandlingstype,ae0052,NY
AO01,Arkivtema-Behandlingstype,FEILUTBE;;TILBBET-S,Arkivtema,FEI,NY
AO01,Arkivtema-Behandlingstype,FEILUTBE;;TILBBET-S,Behandlingstema,ab0007,NY
AO01,Arkivtema-Behandlingstype,FEILUTBE;;TILBBET-S,Behandlingstype,ae0032,NY
AO01,Arkivtema-Behandlingstype,FEILUTBE;;TILBBET-O,Arkivtema,FEI,NY
AO01,Arkivtema-Behandlingstype,FEILUTBE;;TILBBET-O,Behandlingstema,ab0007,NY
AO01,Arkivtema-Behandlingstype,FEILUTBE;;TILBBET-O,Behandlingstype,ae0014,NY
AO01,Arkivtema-Behandlingstype,FEILUTBE;;TILBBET-G,Arkivtema,FEI,NY
AO01,Arkivtema-Behandlingstype,FEILUTBE;;TILBBET-G,Behandlingstema,ab0007,NY
AO01,Arkivtema-Behandlingstype,FEILUTBE;;TILBBET-G,Behandlingstype,ae0047,NY
AO01,Arkivtema-Behandlingstype,FEILUTBE;;UTESTENG-E,Arkivtema,FEI,NY
AO01,Arkivtema-Behandlingstype,FEILUTBE;;UTESTENG-E,Behandlingstema,ab0008,NY
AO01,Arkivtema-Behandlingstype,FEILUTBE;;UTESTENG-E,Behandlingstype,ae0052,NY
AO01,Arkivtema-Behandlingstype,FEILUTBE;;UTESTENG-S,Arkivtema,FEI,NY
AO01,Arkivtema-Behandlingstype,FEILUTBE;;UTESTENG-S,Behandlingstema,ab0008,NY
AO01,Arkivtema-Behandlingstype,FEILUTBE;;UTESTENG-S,Behandlingstype,ae0032,NY
AO01,Arkivtema-Behandlingstype,FEILUTBE;;UTESTENG-O,Arkivtema,FEI,NY
AO01,Arkivtema-Behandlingstype,FEILUTBE;;UTESTENG-O,Behandlingstema,ab0008,NY
AO01,Arkivtema-Behandlingstype,FEILUTBE;;UTESTENG-O,Behandlingstype,ae0014,NY
AO01,Arkivtema-Behandlingstype,INDIV;BASI;BASI-G,Arkivtema,IND,NY
AO01,Arkivtema-Behandlingstype,INDIV;BASI;BASI-G,Behandlingstema,ab0020,NY
AO01,Arkivtema-Behandlingstype,INDIV;BASI;BASI-G,Behandlingstype,ae0047,NY
AO01,Arkivtema-Behandlingstype,INDIV;BASI;BASI-O,Arkivtema,IND,NY
AO01,Arkivtema-Behandlingstype,INDIV;BASI;BASI-O,Behandlingstema,ab0020,NY
AO01,Arkivtema-Behandlingstype,INDIV;BASI;BASI-O,Behandlingstype,ae0014,NY
AO01,Arkivtema-Behandlingstype,INDIV;BASI;BASI-E,Arkivtema,IND,NY
AO01,Arkivtema-Behandlingstype,INDIV;BASI;BASI-E,Behandlingstema,ab0020,NY
AO01,Arkivtema-Behandlingstype,INDIV;BASI;BASI-E,Behandlingstype,ae0052,NY
AO01,Arkivtema-Behandlingstype,INDIV;BASI;BASI-S,Arkivtema,IND,NY
AO01,Arkivtema-Behandlingstype,INDIV;BASI;BASI-S,Behandlingstema,ab0020,NY
AO01,Arkivtema-Behandlingstype,INDIV;BASI;BASI-S,Behandlingstype,ae0032,NY
AO01,Arkivtema-Behandlingstype,INDIV;BASI;BASI-K,Arkivtema,IND,NY
AO01,Arkivtema-Behandlingstype,INDIV;BASI;BASI-K,Behandlingstema,ab0020,NY
AO01,Arkivtema-Behandlingstype,INDIV;BASI;BASI-K,Behandlingstype,ae0037,NY
AO01,Arkivtema-Behandlingstype,INDIV;BASI;INDIVFADD-O,Arkivtema,IND,NY
AO01,Arkivtema-Behandlingstype,INDIV;BASI;INDIVFADD-O,Behandlingstema,ab0023,NY
AO01,Arkivtema-Behandlingstype,INDIV;BASI;INDIVFADD-O,Behandlingstype,ae0014,NY
AO01,Arkivtema-Behandlingstype,INDIV;TILST;BORT-O,Arkivtema,IND,NY
AO01,Arkivtema-Behandlingstype,INDIV;TILST;BORT-O,Behandlingstema,ab0140,NY
AO01,Arkivtema-Behandlingstype,INDIV;TILST;BORT-O,Behandlingstype,ae0014,NY
AO01,Arkivtema-Behandlingstype,INDIV;TILST;BORT-E,Arkivtema,IND,NY
AO01,Arkivtema-Behandlingstype,INDIV;TILST;BORT-E,Behandlingstema,ab0140,NY
AO01,Arkivtema-Behandlingstype,INDIV;TILST;BORT-E,Behandlingstype,ae0052,NY
AO01,Arkivtema-Behandlingstype,INDIV;TILST;BORT-S,Arkivtema,IND,NY
AO01,Arkivtema-Behandlingstype,INDIV;TILST;BORT-S,Behandlingstema,ab0140,NY
AO01,Arkivtema-Behandlingstype,INDIV;TILST;BORT-S,Behandlingstype,ae0032,NY
AO01,Arkivtema-Behandlingstype,INDIV;TILST;BTIL-G,Arkivtema,IND,NY
AO01,Arkivtema-Behandlingstype,INDIV;TILST;BTIL-G,Behandlingstema,ab0048,NY
AO01,Arkivtema-Behandlingstype,INDIV;TILST;BTIL-G,Behandlingstype,ae0047,NY
AO01,Arkivtema-Behandlingstype,INDIV;TILST;BTIL-O,Arkivtema,IND,NY
AO01,Arkivtema-Behandlingstype,INDIV;TILST;BTIL-O,Behandlingstema,ab0048,NY
AO01,Arkivtema-Behandlingstype,INDIV;TILST;BTIL-O,Behandlingstype,ae0014,NY
AO01,Arkivtema-Behandlingstype,INDIV;TILST;BTIL-E,Arkivtema,IND,NY
AO01,Arkivtema-Behandlingstype,INDIV;TILST;BTIL-E,Behandlingstema,ab0048,NY
AO01,Arkivtema-Behandlingstype,INDIV;TILST;BTIL-E,Behandlingstype,ae0052,NY
AO01,Arkivtema-Behandlingstype,INDIV;TILST;BTIL-S,Arkivtema,IND,NY
AO01,Arkivtema-Behandlingstype,INDIV;TILST;BTIL-S,Behandlingstema,ab0048,NY
AO01,Arkivtema-Behandlingstype,INDIV;TILST;BTIL-S,Behandlingstype,ae0032,NY
AO01,Arkivtema-Behandlingstype,INDIV;TILST;BTIL-K,Arkivtema,IND,NY
AO01,Arkivtema-Behandlingstype,INDIV;TILST;BTIL-K,Behandlingstema,ab0048,NY
AO01,Arkivtema-Behandlingstype,INDIV;TILST;BTIL-K,Behandlingstype,ae0037,NY
AO01,Arkivtema-Behandlingstype,INDIV;TILST;IDAG-O,Arkivtema,IND,NY
AO01,Arkivtema-Behandlingstype,INDIV;TILST;IDAG-O,Behandlingstema,ab0204,NY
AO01,Arkivtema-Behandlingstype,INDIV;TILST;IDAG-O,Behandlingstype,ae0014,NY
AO01,Arkivtema-Behandlingstype,INDIV;TILST;IDAG-E,Arkivtema,IND,NY
AO01,Arkivtema-Behandlingstype,INDIV;TILST;IDAG-E,Behandlingstema,ab0204,NY
AO01,Arkivtema-Behandlingstype,INDIV;TILST;IDAG-E,Behandlingstype,ae0052,NY
AO01,Arkivtema-Behandlingstype,INDIV;TILST;IDAG-S,Arkivtema,IND,NY
AO01,Arkivtema-Behandlingstype,INDIV;TILST;IDAG-S,Behandlingstema,ab0204,NY
AO01,Arkivtema-Behandlingstype,INDIV;TILST;IDAG-S,Behandlingstype,ae0032,NY
AO01,Arkivtema-Behandlingstype,INDIV;TILST;IEKS-O,Arkivtema,IND,NY
AO01,Arkivtema-Behandlingstype,INDIV;TILST;IEKS-O,Behandlingstema,ab0169,NY
AO01,Arkivtema-Behandlingstype,INDIV;TILST;IEKS-O,Behandlingstype,ae0014,NY
AO01,Arkivtema-Behandlingstype,INDIV;TILST;IEKS-E,Arkivtema,IND,NY
AO01,Arkivtema-Behandlingstype,INDIV;TILST;IEKS-E,Behandlingstema,ab0169,NY
AO01,Arkivtema-Behandlingstype,INDIV;TILST;IEKS-E,Behandlingstype,ae0052,NY
AO01,Arkivtema-Behandlingstype,INDIV;TILST;IEKS-S,Arkivtema,IND,NY
AO01,Arkivtema-Behandlingstype,INDIV;TILST;IEKS-S,Behandlingstema,ab0169,NY
AO01,Arkivtema-Behandlingstype,INDIV;TILST;IEKS-S,Behandlingstype,ae0032,NY
AO01,Arkivtema-Behandlingstype,INDIV;TILST;IREI-O,Arkivtema,IND,NY
AO01,Arkivtema-Behandlingstype,INDIV;TILST;IREI-O,Behandlingstema,ab0015,NY
AO01,Arkivtema-Behandlingstype,INDIV;TILST;IREI-O,Behandlingstype,ae0014,NY
AO01,Arkivtema-Behandlingstype,INDIV;TILST;IREI-E,Arkivtema,IND,NY
AO01,Arkivtema-Behandlingstype,INDIV;TILST;IREI-E,Behandlingstema,ab0015,NY
AO01,Arkivtema-Behandlingstype,INDIV;TILST;IREI-E,Behandlingstype,ae0052,NY
AO01,Arkivtema-Behandlingstype,INDIV;TILST;IREI-S,Arkivtema,IND,NY
AO01,Arkivtema-Behandlingstype,INDIV;TILST;IREI-S,Behandlingstema,ab0015,NY
AO01,Arkivtema-Behandlingstype,INDIV;TILST;IREI-S,Behandlingstype,ae0032,NY
AO01,Arkivtema-Behandlingstype,INDIV;TILST;ISEM-O,Arkivtema,IND,NY
AO01,Arkivtema-Behandlingstype,INDIV;TILST;ISEM-O,Behandlingstema,ab0196,NY
AO01,Arkivtema-Behandlingstype,INDIV;TILST;ISEM-O,Behandlingstype,ae0014,NY
AO01,Arkivtema-Behandlingstype,INDIV;TILST;ISEM-E,Arkivtema,IND,NY
AO01,Arkivtema-Behandlingstype,INDIV;TILST;ISEM-E,Behandlingstema,ab0196,NY
AO01,Arkivtema-Behandlingstype,INDIV;TILST;ISEM-E,Behandlingstype,ae0052,NY
AO01,Arkivtema-Behandlingstype,INDIV;TILST;ISEM-S,Arkivtema,IND,NY
AO01,Arkivtema-Behandlingstype,INDIV;TILST;ISEM-S,Behandlingstema,ab0196,NY
AO01,Arkivtema-Behandlingstype,INDIV;TILST;ISEM-S,Behandlingstype,ae0032,NY
AO01,Arkivtema-Behandlingstype,INDIV;TILST;ISKO-O,Arkivtema,IND,NY
AO01,Arkivtema-Behandlingstype,INDIV;TILST;ISKO-O,Behandlingstema,ab0177,NY
AO01,Arkivtema-Behandlingstype,INDIV;TILST;ISKO-O,Behandlingstype,ae0014,NY
AO01,Arkivtema-Behandlingstype,INDIV;TILST;ISKO-E,Arkivtema,IND,NY
AO01,Arkivtema-Behandlingstype,INDIV;TILST;ISKO-E,Behandlingstema,ab0177,NY
AO01,Arkivtema-Behandlingstype,INDIV;TILST;ISKO-E,Behandlingstype,ae0052,NY
AO01,Arkivtema-Behandlingstype,INDIV;TILST;ISKO-S,Arkivtema,IND,NY
AO01,Arkivtema-Behandlingstype,INDIV;TILST;ISKO-S,Behandlingstema,ab0177,NY
AO01,Arkivtema-Behandlingstype,INDIV;TILST;ISKO-S,Behandlingstype,ae0032,NY
AO01,Arkivtema-Behandlingstype,INDIV;TILST;IUND-O,Arkivtema,IND,NY
AO01,Arkivtema-Behandlingstype,INDIV;TILST;IUND-O,Behandlingstema,ab0117,NY
AO01,Arkivtema-Behandlingstype,INDIV;TILST;IUND-O,Behandlingstype,ae0014,NY
AO01,Arkivtema-Behandlingstype,INDIV;TILST;IUND-E,Arkivtema,IND,NY
AO01,Arkivtema-Behandlingstype,INDIV;TILST;IUND-E,Behandlingstema,ab0117,NY
AO01,Arkivtema-Behandlingstype,INDIV;TILST;IUND-E,Behandlingstype,ae0052,NY
AO01,Arkivtema-Behandlingstype,INDIV;TILST;IUND-S,Arkivtema,IND,NY
AO01,Arkivtema-Behandlingstype,INDIV;TILST;IUND-S,Behandlingstema,ab0117,NY
AO01,Arkivtema-Behandlingstype,INDIV;TILST;IUND-S,Behandlingstype,ae0032,NY
AO01,Arkivtema-Behandlingstype,INDIV;TILST;LREF-O,Arkivtema,IND,NY
AO01,Arkivtema-Behandlingstype,INDIV;TILST;LREF-O,Behandlingstema,ab0043,NY
AO01,Arkivtema-Behandlingstype,INDIV;TILST;LREF-O,Behandlingstype,ae0014,NY
AO01,Arkivtema-Behandlingstype,INDIV;TILST;LREF-E,Arkivtema,IND,NY
AO01,Arkivtema-Behandlingstype,INDIV;TILST;LREF-E,Behandlingstema,ab0043,NY
AO01,Arkivtema-Behandlingstype,INDIV;TILST;LREF-E,Behandlingstype,ae0052,NY
AO01,Arkivtema-Behandlingstype,INDIV;TILST;LREF-S,Arkivtema,IND,NY
AO01,Arkivtema-Behandlingstype,INDIV;TILST;LREF-S,Behandlingstema,ab0043,NY
AO01,Arkivtema-Behandlingstype,INDIV;TILST;LREF-S,Behandlingstype,ae0032,NY
AO01,Arkivtema-Behandlingstype,INDIV;TILST;NVURD-O,Arkivtema,IND,NY
AO01,Arkivtema-Behandlingstype,INDIV;TILST;NVURD-O,Behandlingstema,ab0103,NY
AO01,Arkivtema-Behandlingstype,INDIV;TILST;NVURD-O,Behandlingstype,ae0014,NY
AO01,Arkivtema-Behandlingstype,INDIV;TILST;NVURD-E,Arkivtema,IND,NY
AO01,Arkivtema-Behandlingstype,INDIV;TILST;NVURD-E,Behandlingstema,ab0103,NY
AO01,Arkivtema-Behandlingstype,INDIV;TILST;NVURD-E,Behandlingstype,ae0052,NY
AO01,Arkivtema-Behandlingstype,INDIV;TILST;NVURD-S,Arkivtema,IND,NY
AO01,Arkivtema-Behandlingstype,INDIV;TILST;NVURD-S,Behandlingstema,ab0103,NY
AO01,Arkivtema-Behandlingstype,INDIV;TILST;NVURD-S,Behandlingstype,ae0032,NY
AO01,Arkivtema-Behandlingstype,INDIV;TILST;TILO-O,Arkivtema,IND,NY
AO01,Arkivtema-Behandlingstype,INDIV;TILST;TILO-O,Behandlingstema,ab0080,NY
AO01,Arkivtema-Behandlingstype,INDIV;TILST;TILO-O,Behandlingstype,ae0014,NY
AO01,Arkivtema-Behandlingstype,INDIV;TILST;TILO-E,Arkivtema,IND,NY
AO01,Arkivtema-Behandlingstype,INDIV;TILST;TILO-E,Behandlingstema,ab0080,NY
AO01,Arkivtema-Behandlingstype,INDIV;TILST;TILO-E,Behandlingstype,ae0052,NY
AO01,Arkivtema-Behandlingstype,INDIV;TILST;TILO-S,Arkivtema,IND,NY
AO01,Arkivtema-Behandlingstype,INDIV;TILST;TILO-S,Behandlingstema,ab0080,NY
AO01,Arkivtema-Behandlingstype,INDIV;TILST;TILO-S,Behandlingstype,ae0032,NY
AO01,Arkivtema-Behandlingstype,INDIV;TILST;TILU-O,Arkivtema,IND,NY
AO01,Arkivtema-Behandlingstype,INDIV;TILST;TILU-O,Behandlingstema,ab0128,NY
AO01,Arkivtema-Behandlingstype,INDIV;TILST;TILU-O,Behandlingstype,ae0014,NY
AO01,Arkivtema-Behandlingstype,INDIV;TILST;TILU-E,Arkivtema,IND,NY
AO01,Arkivtema-Behandlingstype,INDIV;TILST;TILU-E,Behandlingstema,ab0128,NY
AO01,Arkivtema-Behandlingstype,INDIV;TILST;TILU-E,Behandlingstype,ae0052,NY
AO01,Arkivtema-Behandlingstype,INDIV;TILST;TILU-S,Arkivtema,IND,NY
AO01,Arkivtema-Behandlingstype,INDIV;TILST;TILU-S,Behandlingstema,ab0128,NY
AO01,Arkivtema-Behandlingstype,INDIV;TILST;TILU-S,Behandlingstype,ae0032,NY
AO01,Arkivtema-Behandlingstype,INDIV;TILST;TILU-K,Arkivtema,IND,NY
AO01,Arkivtema-Behandlingstype,INDIV;TILST;TILU-K,Behandlingstema,ab0128,NY
AO01,Arkivtema-Behandlingstype,INDIV;TILST;TILU-K,Behandlingstype,ae0037,NY
AO01,Arkivtema-Behandlingstype,INDIV;VENT;VENT-O,Arkivtema,IND,NY
AO01,Arkivtema-Behandlingstype,INDIV;VENT;VENT-O,Behandlingstema,ab0203,NY
AO01,Arkivtema-Behandlingstype,INDIV;VENT;VENT-O,Behandlingstype,ae0014,NY
AO01,Arkivtema-Behandlingstype,INDIV;VENT;VENT-E,Arkivtema,IND,NY
AO01,Arkivtema-Behandlingstype,INDIV;VENT;VENT-E,Behandlingstema,ab0203,NY
AO01,Arkivtema-Behandlingstype,INDIV;VENT;VENT-E,Behandlingstype,ae0052,NY
AO01,Arkivtema-Behandlingstype,INDIV;VENT;VENT-S,Arkivtema,IND,NY
AO01,Arkivtema-Behandlingstype,INDIV;VENT;VENT-S,Behandlingstema,ab0203,NY
AO01,Arkivtema-Behandlingstype,INDIV;VENT;VENT-S,Behandlingstype,ae0032,NY
AO01,Arkivtema-Behandlingstype,INDIV;;FRI_MK_IND-O,Arkivtema,IND,NY
AO01,Arkivtema-Behandlingstype,INDIV;;FRI_MK_IND-O,Behandlingstema,ab0112,NY
AO01,Arkivtema-Behandlingstype,INDIV;;FRI_MK_IND-O,Behandlingstype,ae0014,NY
AO01,Arkivtema-Behandlingstype,INDIV;;FRI_MK_IND-S,Arkivtema,IND,NY
AO01,Arkivtema-Behandlingstype,INDIV;;FRI_MK_IND-S,Behandlingstema,ab0112,NY
AO01,Arkivtema-Behandlingstype,INDIV;;FRI_MK_IND-S,Behandlingstype,ae0032,NY
AO01,Arkivtema-Behandlingstype,KLAN;;ANKE-E,Arkivtema,KLA,NY
AO01,Arkivtema-Behandlingstype,KLAN;;ANKE-E,Behandlingstema,ab0165,NY
AO01,Arkivtema-Behandlingstype,KLAN;;ANKE-E,Behandlingstype,ae0052,NY
AO01,Arkivtema-Behandlingstype,KLAN;;ANKE-O,Arkivtema,KLA,NY
AO01,Arkivtema-Behandlingstype,KLAN;;ANKE-O,Behandlingstema,ab0165,NY
AO01,Arkivtema-Behandlingstype,KLAN;;ANKE-O,Behandlingstype,ae0014,NY
AO01,Arkivtema-Behandlingstype,KLAN;;KLAG1-E,Arkivtema,KLA,NY
AO01,Arkivtema-Behandlingstype,KLAN;;KLAG1-E,Behandlingstema,ab0019,NY
AO01,Arkivtema-Behandlingstype,KLAN;;KLAG1-E,Behandlingstype,ae0052,NY
AO01,Arkivtema-Behandlingstype,KLAN;;KLAG1-O,Arkivtema,KLA,NY
AO01,Arkivtema-Behandlingstype,KLAN;;KLAG1-O,Behandlingstema,ab0019,NY
AO01,Arkivtema-Behandlingstype,KLAN;;KLAG1-O,Behandlingstype,ae0014,NY
AO01,Arkivtema-Behandlingstype,KLAN;;KLAG2-E,Arkivtema,KLA,NY
AO01,Arkivtema-Behandlingstype,KLAN;;KLAG2-E,Behandlingstema,ab0164,NY
AO01,Arkivtema-Behandlingstype,KLAN;;KLAG2-E,Behandlingstype,ae0052,NY
AO01,Arkivtema-Behandlingstype,KLAN;;KLAG2-O,Arkivtema,KLA,NY
AO01,Arkivtema-Behandlingstype,KLAN;;KLAG2-O,Behandlingstema,ab0164,NY
AO01,Arkivtema-Behandlingstype,KLAN;;KLAG2-O,Behandlingstype,ae0014,NY
AO01,Arkivtema-Behandlingstype,MOBIL;MOBST;BREI-O,Arkivtema,MOB,NY
AO01,Arkivtema-Behandlingstype,MOBIL;MOBST;BREI-O,Behandlingstema,ab0092,NY
AO01,Arkivtema-Behandlingstype,MOBIL;MOBST;BREI-O,Behandlingstype,ae0014,NY
AO01,Arkivtema-Behandlingstype,MOBIL;MOBST;BREI-E,Arkivtema,MOB,NY
AO01,Arkivtema-Behandlingstype,MOBIL;MOBST;BREI-E,Behandlingstema,ab0092,NY
AO01,Arkivtema-Behandlingstype,MOBIL;MOBST;BREI-E,Behandlingstype,ae0052,NY
AO01,Arkivtema-Behandlingstype,MOBIL;MOBST;BREI-S,Arkivtema,MOB,NY
AO01,Arkivtema-Behandlingstype,MOBIL;MOBST;BREI-S,Behandlingstema,ab0092,NY
AO01,Arkivtema-Behandlingstype,MOBIL;MOBST;BREI-S,Behandlingstype,ae0032,NY
AO01,Arkivtema-Behandlingstype,MOBIL;MOBST;FREI-O,Arkivtema,MOB,NY
AO01,Arkivtema-Behandlingstype,MOBIL;MOBST;FREI-O,Behandlingstema,ab0051,NY
AO01,Arkivtema-Behandlingstype,MOBIL;MOBST;FREI-O,Behandlingstype,ae0014,NY
AO01,Arkivtema-Behandlingstype,MOBIL;MOBST;FREI-E,Arkivtema,MOB,NY
AO01,Arkivtema-Behandlingstype,MOBIL;MOBST;FREI-E,Behandlingstema,ab0051,NY
AO01,Arkivtema-Behandlingstype,MOBIL;MOBST;FREI-E,Behandlingstype,ae0052,NY
AO01,Arkivtema-Behandlingstype,MOBIL;MOBST;FREI-S,Arkivtema,MOB,NY
AO01,Arkivtema-Behandlingstype,MOBIL;MOBST;FREI-S,Behandlingstema,ab0051,NY
AO01,Arkivtema-Behandlingstype,MOBIL;MOBST;FREI-S,Behandlingstype,ae0032,NY
AO01,Arkivtema-Behandlingstype,MOBIL;MOBST;FSTO-O,Arkivtema,MOB,NY
AO01,Arkivtema-Behandlingstype,MOBIL;MOBST;FSTO-O,Behandlingstema,ab0178,NY
AO01,Arkivtema-Behandlingstype,MOBIL;MOBST;FSTO-O,Behandlingstype,ae0014,NY
AO01,Arkivtema-Behandlingstype,MOBIL;MOBST;FSTO-E,Arkivtema,MOB,NY
AO01,Arkivtema-Behandlingstype,MOBIL;MOBST;FSTO-E,Behandlingstema,ab0178,NY
AO01,Arkivtema-Behandlingstype,MOBIL;MOBST;FSTO-E,Behandlingstype,ae0052,NY
AO01,Arkivtema-Behandlingstype,MOBIL;MOBST;FSTO-S,Arkivtema,MOB,NY
AO01,Arkivtema-Behandlingstype,MOBIL;MOBST;FSTO-S,Behandlingstema,ab0178,NY
AO01,Arkivtema-Behandlingstype,MOBIL;MOBST;FSTO-S,Behandlingstype,ae0032,NY
AO01,Arkivtema-Behandlingstype,MOBIL;MOBST;FSTO-K,Arkivtema,MOB,NY
AO01,Arkivtema-Behandlingstype,MOBIL;MOBST;FSTO-K,Behandlingstema,ab0178,NY
AO01,Arkivtema-Behandlingstype,MOBIL;MOBST;FSTO-K,Behandlingstype,ae0037,NY
AO01,Arkivtema-Behandlingstype,MOBIL;MOBST;HREI-O,Arkivtema,MOB,NY
AO01,Arkivtema-Behandlingstype,MOBIL;MOBST;HREI-O,Behandlingstema,ab0015,NY
AO01,Arkivtema-Behandlingstype,MOBIL;MOBST;HREI-O,Behandlingstype,ae0014,NY
AO01,Arkivtema-Behandlingstype,MOBIL;MOBST;HREI-E,Arkivtema,MOB,NY
AO01,Arkivtema-Behandlingstype,MOBIL;MOBST;HREI-E,Behandlingstema,ab0015,NY
AO01,Arkivtema-Behandlingstype,MOBIL;MOBST;HREI-E,Behandlingstype,ae0052,NY
AO01,Arkivtema-Behandlingstype,MOBIL;MOBST;HREI-S,Arkivtema,MOB,NY
AO01,Arkivtema-Behandlingstype,MOBIL;MOBST;HREI-S,Behandlingstema,ab0015,NY
AO01,Arkivtema-Behandlingstype,MOBIL;MOBST;HREI-S,Behandlingstype,ae0032,NY
AO01,Arkivtema-Behandlingstype,MOBIL;MOBST;IFLY-O,Arkivtema,MOB,NY
AO01,Arkivtema-Behandlingstype,MOBIL;MOBST;IFLY-O,Behandlingstema,ab0182,NY
AO01,Arkivtema-Behandlingstype,MOBIL;MOBST;IFLY-O,Behandlingstype,ae0014,NY
AO01,Arkivtema-Behandlingstype,MOBIL;MOBST;IFLY-E,Arkivtema,MOB,NY
AO01,Arkivtema-Behandlingstype,MOBIL;MOBST;IFLY-E,Behandlingstema,ab0182,NY
AO01,Arkivtema-Behandlingstype,MOBIL;MOBST;IFLY-E,Behandlingstype,ae0052,NY
AO01,Arkivtema-Behandlingstype,MOBIL;MOBST;IFLY-S,Arkivtema,MOB,NY
AO01,Arkivtema-Behandlingstype,MOBIL;MOBST;IFLY-S,Behandlingstema,ab0182,NY
AO01,Arkivtema-Behandlingstype,MOBIL;MOBST;IFLY-S,Behandlingstype,ae0032,NY
AO01,Arkivtema-Behandlingstype,MOBIL;MOBST;MITR-O,Arkivtema,MOB,NY
AO01,Arkivtema-Behandlingstype,MOBIL;MOBST;MITR-O,Behandlingstema,ab0207,NY
AO01,Arkivtema-Behandlingstype,MOBIL;MOBST;MITR-O,Behandlingstype,ae0014,NY
AO01,Arkivtema-Behandlingstype,MOBIL;MOBST;MITR-E,Arkivtema,MOB,NY
AO01,Arkivtema-Behandlingstype,MOBIL;MOBST;MITR-E,Behandlingstema,ab0207,NY
AO01,Arkivtema-Behandlingstype,MOBIL;MOBST;MITR-E,Behandlingstype,ae0052,NY
AO01,Arkivtema-Behandlingstype,MOBIL;MOBST;MITR-S,Arkivtema,MOB,NY
AO01,Arkivtema-Behandlingstype,MOBIL;MOBST;MITR-S,Behandlingstema,ab0207,NY
AO01,Arkivtema-Behandlingstype,MOBIL;MOBST;MITR-S,Behandlingstype,ae0032,NY
AO01,Arkivtema-Behandlingstype,MOBIL;MOBST;RSTO-O,Arkivtema,MOB,NY
AO01,Arkivtema-Behandlingstype,MOBIL;MOBST;RSTO-O,Behandlingstema,ab0040,NY
AO01,Arkivtema-Behandlingstype,MOBIL;MOBST;RSTO-O,Behandlingstype,ae0014,NY
AO01,Arkivtema-Behandlingstype,MOBIL;MOBST;RSTO-E,Arkivtema,MOB,NY
AO01,Arkivtema-Behandlingstype,MOBIL;MOBST;RSTO-E,Behandlingstema,ab0040,NY
AO01,Arkivtema-Behandlingstype,MOBIL;MOBST;RSTO-E,Behandlingstype,ae0052,NY
AO01,Arkivtema-Behandlingstype,MOBIL;MOBST;RSTO-S,Arkivtema,MOB,NY
AO01,Arkivtema-Behandlingstype,MOBIL;MOBST;RSTO-S,Behandlingstema,ab0040,NY
AO01,Arkivtema-Behandlingstype,MOBIL;MOBST;RSTO-S,Behandlingstype,ae0032,NY
AO01,Arkivtema-Behandlingstype,MOBIL;MOBST;SREI-O,Arkivtema,MOB,NY
AO01,Arkivtema-Behandlingstype,MOBIL;MOBST;SREI-O,Behandlingstema,ab0016,NY
AO01,Arkivtema-Behandlingstype,MOBIL;MOBST;SREI-O,Behandlingstype,ae0014,NY
AO01,Arkivtema-Behandlingstype,MOBIL;MOBST;SREI-E,Arkivtema,MOB,NY
AO01,Arkivtema-Behandlingstype,MOBIL;MOBST;SREI-E,Behandlingstema,ab0016,NY
AO01,Arkivtema-Behandlingstype,MOBIL;MOBST;SREI-E,Behandlingstype,ae0052,NY
AO01,Arkivtema-Behandlingstype,MOBIL;MOBST;SREI-S,Arkivtema,MOB,NY
AO01,Arkivtema-Behandlingstype,MOBIL;MOBST;SREI-S,Behandlingstema,ab0016,NY
AO01,Arkivtema-Behandlingstype,MOBIL;MOBST;SREI-S,Behandlingstype,ae0032,NY
AO01,Arkivtema-Behandlingstype,SANKSJON;;SANK_S-N,Arkivtema,SAP,NY
AO01,Arkivtema-Behandlingstype,SANKSJON;;SANK_S-N,Behandlingstema,ab0175,NY
AO01,Arkivtema-Behandlingstype,SANKSJON;;SANK_S-N,Behandlingstype,ae0026,NY
AO01,Arkivtema-Behandlingstype,SANKSJON;;SANK_S-S,Arkivtema,SAP,NY
AO01,Arkivtema-Behandlingstype,SANKSJON;;SANK_S-S,Behandlingstema,ab0175,NY
AO01,Arkivtema-Behandlingstype,SANKSJON;;SANK_S-S,Behandlingstype,ae0032,NY
AO01,Arkivtema-Behandlingstype,SANKSJON;;SANK_S-O,Arkivtema,SAP,NY
AO01,Arkivtema-Behandlingstype,SANKSJON;;SANK_S-O,Behandlingstema,ab0175,NY
AO01,Arkivtema-Behandlingstype,SANKSJON;;SANK_S-O,Behandlingstype,ae0014,NY
AO01,Arkivtema-Behandlingstype,SANKSJON_A;;SANK_A-E,Arkivtema,SAK,NY
AO01,Arkivtema-Behandlingstype,SANKSJON_A;;SANK_A-E,Behandlingstema,ab0127,NY
AO01,Arkivtema-Behandlingstype,SANKSJON_A;;SANK_A-E,Behandlingstype,ae0052,NY
AO01,Arkivtema-Behandlingstype,SANKSJON_A;;SANK_A-N,Arkivtema,SAK,NY
AO01,Arkivtema-Behandlingstype,SANKSJON_A;;SANK_A-N,Behandlingstema,ab0127,NY
AO01,Arkivtema-Behandlingstype,SANKSJON_A;;SANK_A-N,Behandlingstype,ae0026,NY
AO01,Arkivtema-Behandlingstype,SANKSJON_A;;SANK_A-O,Arkivtema,SAK,NY
AO01,Arkivtema-Behandlingstype,SANKSJON_A;;SANK_A-O,Behandlingstema,ab0127,NY
AO01,Arkivtema-Behandlingstype,SANKSJON_A;;SANK_A-O,Behandlingstype,ae0014,NY
AO01,Arkivtema-Behandlingstype,VLONN;VLONN;VLONN-O,Arkivtema,VEN,NY
AO01,Arkivtema-Behandlingstype,VLONN;VLONN;VLONN-O,Behandlingstema,ab0063,NY
AO01,Arkivtema-Behandlingstype,VLONN;VLONN;VLONN-O,Behandlingstype,ae0014,NY
AO01,Arkivtema-Behandlingstype,VLONN;VLONN;VLONN-E,Arkivtema,VEN,NY
AO01,Arkivtema-Behandlingstype,VLONN;VLONN;VLONN-E,Behandlingstema,ab0063,NY
AO01,Arkivtema-Behandlingstype,VLONN;VLONN;VLONN-E,Behandlingstype,ae0052,NY
AO01,Arkivtema-Behandlingstype,VLONN;VLONN;VLONN-S,Arkivtema,VEN,NY
AO01,Arkivtema-Behandlingstype,VLONN;VLONN;VLONN-S,Behandlingstema,ab0063,NY
AO01,Arkivtema-Behandlingstype,VLONN;VLONN;VLONN-S,Behandlingstype,ae0032,NY
AO01,Avslutningsstatus,AVBRUTT,Avslutningsstatus,avbrutt-ikke-behandlet,NY
AO01,Avslutningsstatus,AVVIST,Avslutningsstatus,avvist,NY
AO01,Avslutningsstatus,DELVIS,Avslutningsstatus,delvis-medhold,NY
AO01,Avslutningsstatus,JA,Avslutningsstatus,ja,NY
AO01,Avslutningsstatus,NEI,Avslutningsstatus,nei,NY
AO01,Avslutningsstatus,OPPHEVET,Avslutningsstatus,opphevet,NY
AO01,Avslutningsstatus,TRUKK,Avslutningsstatus,trukket,NY